Filename,Predictions
001\001-nm-05-000.png,001
001\001-nm-05-018.png,001
001\001-nm-05-036.png,001
001\001-nm-05-054.png,001
001\001-nm-05-072.png,001
001\001-nm-05-090.png,001
001\001-nm-05-108.png,001
001\001-nm-05-126.png,001
001\001-nm-05-144.png,001
001\001-nm-05-162.png,001
001\001-nm-05-180.png,001
001\001-nm-06-000.png,001
001\001-nm-06-018.png,001
001\001-nm-06-036.png,001
001\001-nm-06-054.png,001
001\001-nm-06-072.png,001
001\001-nm-06-090.png,001
001\001-nm-06-108.png,001
001\001-nm-06-126.png,001
001\001-nm-06-144.png,001
001\001-nm-06-162.png,001
001\001-nm-06-180.png,001
002\002-nm-05-000.png,002
002\002-nm-05-018.png,002
002\002-nm-05-036.png,002
002\002-nm-05-054.png,002
002\002-nm-05-072.png,002
002\002-nm-05-090.png,002
002\002-nm-05-108.png,002
002\002-nm-05-126.png,002
002\002-nm-05-144.png,002
002\002-nm-05-162.png,002
002\002-nm-05-180.png,002
002\002-nm-06-000.png,002
002\002-nm-06-018.png,002
002\002-nm-06-036.png,002
002\002-nm-06-054.png,002
002\002-nm-06-072.png,002
002\002-nm-06-090.png,002
002\002-nm-06-108.png,002
002\002-nm-06-126.png,002
002\002-nm-06-144.png,002
002\002-nm-06-162.png,002
002\002-nm-06-180.png,028
003\003-nm-05-000.png,003
003\003-nm-05-018.png,088
003\003-nm-05-036.png,088
003\003-nm-05-054.png,003
003\003-nm-05-072.png,003
003\003-nm-05-090.png,003
003\003-nm-05-108.png,003
003\003-nm-05-126.png,003
003\003-nm-05-144.png,003
003\003-nm-05-162.png,003
003\003-nm-05-180.png,003
003\003-nm-06-000.png,003
003\003-nm-06-018.png,003
003\003-nm-06-036.png,088
003\003-nm-06-054.png,003
003\003-nm-06-072.png,003
003\003-nm-06-090.png,003
003\003-nm-06-108.png,003
003\003-nm-06-126.png,003
003\003-nm-06-144.png,003
003\003-nm-06-162.png,003
003\003-nm-06-180.png,003
004\004-nm-05-000.png,004
004\004-nm-05-018.png,004
004\004-nm-05-036.png,004
004\004-nm-05-054.png,004
004\004-nm-05-072.png,004
004\004-nm-05-090.png,004
004\004-nm-05-108.png,004
004\004-nm-05-126.png,004
004\004-nm-05-144.png,004
004\004-nm-05-162.png,004
004\004-nm-05-180.png,106
004\004-nm-06-000.png,004
004\004-nm-06-018.png,004
004\004-nm-06-036.png,004
004\004-nm-06-054.png,004
004\004-nm-06-072.png,004
004\004-nm-06-090.png,004
004\004-nm-06-108.png,004
004\004-nm-06-126.png,004
004\004-nm-06-144.png,004
004\004-nm-06-162.png,004
004\004-nm-06-180.png,106
005\005-nm-05-018.png,005
005\005-nm-05-036.png,005
005\005-nm-05-054.png,005
005\005-nm-05-072.png,066
005\005-nm-05-090.png,005
005\005-nm-05-108.png,005
005\005-nm-05-126.png,005
005\005-nm-05-144.png,005
005\005-nm-05-162.png,075
005\005-nm-05-180.png,005
005\005-nm-06-018.png,005
005\005-nm-06-036.png,005
005\005-nm-06-054.png,005
005\005-nm-06-072.png,005
005\005-nm-06-090.png,005
005\005-nm-06-108.png,005
005\005-nm-06-126.png,005
005\005-nm-06-144.png,005
005\005-nm-06-162.png,005
005\005-nm-06-180.png,005
006\006-nm-05-000.png,006
006\006-nm-05-018.png,006
006\006-nm-05-036.png,006
006\006-nm-05-054.png,006
006\006-nm-05-072.png,006
006\006-nm-05-090.png,006
006\006-nm-05-108.png,006
006\006-nm-05-126.png,006
006\006-nm-05-144.png,006
006\006-nm-05-162.png,006
006\006-nm-05-180.png,006
006\006-nm-06-000.png,006
006\006-nm-06-018.png,006
006\006-nm-06-036.png,006
006\006-nm-06-054.png,006
006\006-nm-06-072.png,006
006\006-nm-06-090.png,006
006\006-nm-06-108.png,006
006\006-nm-06-126.png,006
006\006-nm-06-144.png,006
006\006-nm-06-162.png,006
006\006-nm-06-180.png,006
007\007-nm-05-000.png,108
007\007-nm-05-018.png,007
007\007-nm-05-036.png,007
007\007-nm-05-054.png,007
007\007-nm-05-072.png,007
007\007-nm-05-090.png,007
007\007-nm-05-108.png,007
007\007-nm-05-126.png,007
007\007-nm-05-144.png,007
007\007-nm-05-162.png,008
007\007-nm-05-180.png,007
007\007-nm-06-000.png,007
007\007-nm-06-018.png,007
007\007-nm-06-036.png,007
007\007-nm-06-054.png,007
007\007-nm-06-072.png,007
007\007-nm-06-090.png,007
007\007-nm-06-108.png,007
007\007-nm-06-126.png,007
007\007-nm-06-144.png,007
007\007-nm-06-162.png,007
007\007-nm-06-180.png,007
008\008-nm-05-000.png,008
008\008-nm-05-018.png,008
008\008-nm-05-036.png,008
008\008-nm-05-054.png,008
008\008-nm-05-072.png,008
008\008-nm-05-090.png,008
008\008-nm-05-108.png,008
008\008-nm-05-126.png,008
008\008-nm-05-144.png,008
008\008-nm-05-162.png,008
008\008-nm-05-180.png,008
008\008-nm-06-000.png,008
008\008-nm-06-018.png,008
008\008-nm-06-036.png,008
008\008-nm-06-054.png,008
008\008-nm-06-072.png,008
008\008-nm-06-090.png,008
008\008-nm-06-108.png,008
008\008-nm-06-126.png,008
008\008-nm-06-144.png,008
008\008-nm-06-162.png,008
008\008-nm-06-180.png,008
009\009-nm-05-000.png,025
009\009-nm-05-018.png,009
009\009-nm-05-036.png,009
009\009-nm-05-054.png,009
009\009-nm-05-072.png,088
009\009-nm-05-090.png,009
009\009-nm-05-108.png,009
009\009-nm-05-126.png,009
009\009-nm-05-144.png,009
009\009-nm-05-162.png,009
009\009-nm-05-180.png,009
009\009-nm-06-000.png,038
009\009-nm-06-018.png,009
009\009-nm-06-036.png,009
009\009-nm-06-054.png,009
009\009-nm-06-072.png,011
009\009-nm-06-090.png,040
009\009-nm-06-108.png,011
009\009-nm-06-126.png,009
009\009-nm-06-144.png,009
009\009-nm-06-162.png,009
009\009-nm-06-180.png,038
010\010-nm-05-000.png,010
010\010-nm-05-018.png,010
010\010-nm-05-036.png,010
010\010-nm-05-054.png,010
010\010-nm-05-072.png,010
010\010-nm-05-090.png,010
010\010-nm-05-108.png,010
010\010-nm-05-126.png,010
010\010-nm-05-144.png,010
010\010-nm-05-162.png,023
010\010-nm-05-180.png,010
010\010-nm-06-000.png,010
010\010-nm-06-018.png,010
010\010-nm-06-036.png,010
010\010-nm-06-054.png,010
010\010-nm-06-072.png,010
010\010-nm-06-090.png,010
010\010-nm-06-108.png,010
010\010-nm-06-126.png,010
010\010-nm-06-144.png,010
010\010-nm-06-162.png,010
010\010-nm-06-180.png,010
011\011-nm-05-000.png,011
011\011-nm-05-018.png,011
011\011-nm-05-036.png,011
011\011-nm-05-054.png,011
011\011-nm-05-072.png,011
011\011-nm-05-090.png,011
011\011-nm-05-108.png,011
011\011-nm-05-126.png,011
011\011-nm-05-144.png,011
011\011-nm-05-162.png,011
011\011-nm-05-180.png,011
011\011-nm-06-000.png,011
011\011-nm-06-018.png,011
011\011-nm-06-036.png,011
011\011-nm-06-054.png,011
011\011-nm-06-072.png,011
011\011-nm-06-090.png,011
011\011-nm-06-108.png,011
011\011-nm-06-126.png,011
011\011-nm-06-144.png,011
011\011-nm-06-162.png,011
011\011-nm-06-180.png,011
012\012-nm-05-000.png,012
012\012-nm-05-018.png,012
012\012-nm-05-036.png,012
012\012-nm-05-054.png,012
012\012-nm-05-072.png,012
012\012-nm-05-090.png,012
012\012-nm-05-108.png,012
012\012-nm-05-126.png,012
012\012-nm-05-144.png,012
012\012-nm-05-162.png,012
012\012-nm-05-180.png,012
012\012-nm-06-000.png,012
012\012-nm-06-018.png,012
012\012-nm-06-036.png,012
012\012-nm-06-054.png,012
012\012-nm-06-072.png,012
012\012-nm-06-090.png,012
012\012-nm-06-108.png,012
012\012-nm-06-126.png,012
012\012-nm-06-144.png,012
012\012-nm-06-162.png,012
012\012-nm-06-180.png,012
013\013-nm-05-000.png,013
013\013-nm-05-018.png,013
013\013-nm-05-036.png,013
013\013-nm-05-054.png,013
013\013-nm-05-072.png,013
013\013-nm-05-090.png,013
013\013-nm-05-108.png,013
013\013-nm-05-126.png,013
013\013-nm-05-144.png,013
013\013-nm-05-162.png,013
013\013-nm-05-180.png,013
013\013-nm-06-000.png,013
013\013-nm-06-018.png,013
013\013-nm-06-036.png,013
013\013-nm-06-054.png,013
013\013-nm-06-072.png,013
013\013-nm-06-090.png,013
013\013-nm-06-108.png,013
013\013-nm-06-126.png,013
013\013-nm-06-144.png,013
013\013-nm-06-162.png,013
013\013-nm-06-180.png,013
014\014-nm-05-000.png,014
014\014-nm-05-018.png,014
014\014-nm-05-036.png,014
014\014-nm-05-054.png,014
014\014-nm-05-072.png,014
014\014-nm-05-090.png,014
014\014-nm-05-108.png,014
014\014-nm-05-126.png,014
014\014-nm-05-144.png,066
014\014-nm-05-162.png,014
014\014-nm-05-180.png,014
014\014-nm-06-000.png,014
014\014-nm-06-018.png,014
014\014-nm-06-036.png,014
014\014-nm-06-054.png,014
014\014-nm-06-072.png,014
014\014-nm-06-090.png,014
014\014-nm-06-108.png,014
014\014-nm-06-126.png,014
014\014-nm-06-144.png,014
014\014-nm-06-162.png,014
014\014-nm-06-180.png,014
015\015-nm-05-000.png,015
015\015-nm-05-018.png,015
015\015-nm-05-036.png,015
015\015-nm-05-054.png,015
015\015-nm-05-072.png,015
015\015-nm-05-090.png,015
015\015-nm-05-108.png,015
015\015-nm-05-126.png,015
015\015-nm-05-144.png,015
015\015-nm-05-162.png,015
015\015-nm-05-180.png,015
015\015-nm-06-000.png,015
015\015-nm-06-018.png,015
015\015-nm-06-036.png,015
015\015-nm-06-054.png,015
015\015-nm-06-072.png,015
015\015-nm-06-090.png,015
015\015-nm-06-108.png,015
015\015-nm-06-126.png,088
015\015-nm-06-144.png,088
015\015-nm-06-162.png,061
015\015-nm-06-180.png,015
016\016-nm-05-000.png,016
016\016-nm-05-018.png,016
016\016-nm-05-036.png,016
016\016-nm-05-054.png,016
016\016-nm-05-072.png,016
016\016-nm-05-090.png,016
016\016-nm-05-108.png,016
016\016-nm-05-126.png,016
016\016-nm-05-144.png,016
016\016-nm-05-162.png,016
016\016-nm-05-180.png,016
016\016-nm-06-000.png,016
016\016-nm-06-018.png,016
016\016-nm-06-036.png,016
016\016-nm-06-054.png,016
016\016-nm-06-072.png,016
016\016-nm-06-090.png,016
016\016-nm-06-108.png,016
016\016-nm-06-126.png,016
016\016-nm-06-144.png,016
016\016-nm-06-162.png,016
016\016-nm-06-180.png,016
017\017-nm-05-000.png,017
017\017-nm-05-018.png,017
017\017-nm-05-036.png,017
017\017-nm-05-054.png,017
017\017-nm-05-072.png,017
017\017-nm-05-090.png,017
017\017-nm-05-108.png,017
017\017-nm-05-126.png,017
017\017-nm-05-144.png,017
017\017-nm-05-162.png,017
017\017-nm-05-180.png,017
017\017-nm-06-000.png,017
017\017-nm-06-018.png,017
017\017-nm-06-036.png,017
017\017-nm-06-054.png,017
017\017-nm-06-072.png,017
017\017-nm-06-090.png,017
017\017-nm-06-108.png,017
017\017-nm-06-126.png,017
017\017-nm-06-144.png,017
017\017-nm-06-162.png,017
017\017-nm-06-180.png,017
018\018-nm-05-000.png,018
018\018-nm-05-018.png,018
018\018-nm-05-036.png,018
018\018-nm-05-054.png,018
018\018-nm-05-072.png,018
018\018-nm-05-090.png,018
018\018-nm-05-108.png,018
018\018-nm-05-126.png,018
018\018-nm-05-144.png,018
018\018-nm-05-162.png,018
018\018-nm-05-180.png,018
018\018-nm-06-000.png,018
018\018-nm-06-018.png,018
018\018-nm-06-036.png,018
018\018-nm-06-054.png,018
018\018-nm-06-072.png,018
018\018-nm-06-090.png,018
018\018-nm-06-108.png,018
018\018-nm-06-126.png,018
018\018-nm-06-144.png,018
018\018-nm-06-162.png,018
018\018-nm-06-180.png,018
019\019-nm-05-000.png,019
019\019-nm-05-018.png,019
019\019-nm-05-036.png,056
019\019-nm-05-054.png,019
019\019-nm-05-072.png,019
019\019-nm-05-090.png,019
019\019-nm-05-108.png,019
019\019-nm-05-126.png,056
019\019-nm-05-144.png,056
019\019-nm-05-162.png,019
019\019-nm-05-180.png,088
019\019-nm-06-000.png,019
019\019-nm-06-018.png,019
019\019-nm-06-036.png,056
019\019-nm-06-054.png,019
019\019-nm-06-072.png,019
019\019-nm-06-090.png,056
019\019-nm-06-108.png,056
019\019-nm-06-126.png,056
019\019-nm-06-144.png,056
019\019-nm-06-162.png,019
019\019-nm-06-180.png,019
020\020-nm-05-000.png,020
020\020-nm-05-018.png,020
020\020-nm-05-036.png,020
020\020-nm-05-054.png,020
020\020-nm-05-072.png,020
020\020-nm-05-090.png,020
020\020-nm-05-108.png,020
020\020-nm-05-126.png,020
020\020-nm-05-144.png,020
020\020-nm-05-162.png,020
020\020-nm-05-180.png,020
020\020-nm-06-000.png,020
020\020-nm-06-018.png,020
020\020-nm-06-036.png,020
020\020-nm-06-054.png,020
020\020-nm-06-072.png,020
020\020-nm-06-090.png,020
020\020-nm-06-108.png,020
020\020-nm-06-126.png,020
020\020-nm-06-144.png,020
020\020-nm-06-162.png,020
020\020-nm-06-180.png,020
021\021-nm-05-000.png,021
021\021-nm-05-018.png,021
021\021-nm-05-036.png,021
021\021-nm-05-054.png,021
021\021-nm-05-072.png,021
021\021-nm-05-090.png,021
021\021-nm-05-108.png,021
021\021-nm-05-126.png,021
021\021-nm-05-144.png,021
021\021-nm-05-162.png,021
021\021-nm-05-180.png,021
021\021-nm-06-000.png,021
021\021-nm-06-018.png,021
021\021-nm-06-036.png,021
021\021-nm-06-054.png,021
021\021-nm-06-072.png,021
021\021-nm-06-090.png,021
021\021-nm-06-108.png,021
021\021-nm-06-126.png,021
021\021-nm-06-144.png,021
021\021-nm-06-162.png,021
021\021-nm-06-180.png,021
022\022-nm-05-000.png,022
022\022-nm-05-018.png,022
022\022-nm-05-036.png,022
022\022-nm-05-054.png,022
022\022-nm-05-072.png,022
022\022-nm-05-090.png,022
022\022-nm-05-108.png,022
022\022-nm-05-126.png,022
022\022-nm-05-144.png,022
022\022-nm-05-162.png,022
022\022-nm-05-180.png,022
022\022-nm-06-000.png,022
022\022-nm-06-018.png,022
022\022-nm-06-036.png,022
022\022-nm-06-054.png,022
022\022-nm-06-072.png,022
022\022-nm-06-090.png,022
022\022-nm-06-108.png,022
022\022-nm-06-126.png,022
022\022-nm-06-144.png,022
022\022-nm-06-162.png,022
022\022-nm-06-180.png,022
023\023-nm-05-000.png,023
023\023-nm-05-018.png,023
023\023-nm-05-036.png,023
023\023-nm-05-054.png,056
023\023-nm-05-072.png,116
023\023-nm-05-090.png,023
023\023-nm-05-108.png,023
023\023-nm-05-126.png,023
023\023-nm-05-144.png,023
023\023-nm-05-162.png,023
023\023-nm-05-180.png,023
023\023-nm-06-000.png,023
023\023-nm-06-018.png,023
023\023-nm-06-036.png,023
023\023-nm-06-054.png,023
023\023-nm-06-072.png,023
023\023-nm-06-090.png,023
023\023-nm-06-108.png,023
023\023-nm-06-126.png,023
023\023-nm-06-144.png,023
023\023-nm-06-162.png,023
023\023-nm-06-180.png,023
024\024-nm-05-000.png,024
024\024-nm-05-018.png,024
024\024-nm-05-036.png,024
024\024-nm-05-054.png,024
024\024-nm-05-072.png,024
024\024-nm-05-090.png,024
024\024-nm-05-108.png,024
024\024-nm-05-126.png,024
024\024-nm-05-144.png,024
024\024-nm-05-162.png,024
024\024-nm-05-180.png,024
024\024-nm-06-000.png,024
024\024-nm-06-018.png,024
024\024-nm-06-036.png,024
024\024-nm-06-054.png,024
024\024-nm-06-072.png,024
024\024-nm-06-090.png,024
024\024-nm-06-108.png,024
024\024-nm-06-126.png,024
024\024-nm-06-144.png,024
024\024-nm-06-162.png,024
024\024-nm-06-180.png,024
025\025-nm-05-000.png,025
025\025-nm-05-018.png,025
025\025-nm-05-036.png,025
025\025-nm-05-054.png,025
025\025-nm-05-072.png,025
025\025-nm-05-090.png,025
025\025-nm-05-108.png,025
025\025-nm-05-126.png,025
025\025-nm-05-144.png,025
025\025-nm-05-162.png,025
025\025-nm-05-180.png,025
025\025-nm-06-000.png,025
025\025-nm-06-018.png,025
025\025-nm-06-036.png,025
025\025-nm-06-054.png,025
025\025-nm-06-072.png,025
025\025-nm-06-090.png,025
025\025-nm-06-108.png,025
025\025-nm-06-126.png,025
025\025-nm-06-144.png,025
025\025-nm-06-162.png,025
025\025-nm-06-180.png,025
026\026-nm-05-000.png,026
026\026-nm-05-018.png,026
026\026-nm-05-036.png,026
026\026-nm-05-054.png,026
026\026-nm-05-072.png,026
026\026-nm-05-090.png,026
026\026-nm-05-108.png,026
026\026-nm-05-126.png,026
026\026-nm-05-144.png,026
026\026-nm-05-162.png,026
026\026-nm-05-180.png,026
026\026-nm-06-000.png,026
026\026-nm-06-018.png,026
026\026-nm-06-036.png,026
026\026-nm-06-054.png,026
026\026-nm-06-072.png,026
026\026-nm-06-090.png,026
026\026-nm-06-108.png,026
026\026-nm-06-126.png,026
026\026-nm-06-144.png,026
026\026-nm-06-162.png,026
026\026-nm-06-180.png,026
027\027-nm-05-000.png,027
027\027-nm-05-018.png,027
027\027-nm-05-036.png,027
027\027-nm-05-054.png,027
027\027-nm-05-072.png,027
027\027-nm-05-090.png,027
027\027-nm-05-108.png,027
027\027-nm-05-126.png,027
027\027-nm-05-144.png,027
027\027-nm-05-162.png,027
027\027-nm-05-180.png,027
027\027-nm-06-000.png,107
027\027-nm-06-018.png,027
027\027-nm-06-036.png,027
027\027-nm-06-054.png,013
027\027-nm-06-072.png,027
027\027-nm-06-090.png,027
027\027-nm-06-108.png,027
027\027-nm-06-126.png,027
027\027-nm-06-144.png,027
027\027-nm-06-162.png,027
027\027-nm-06-180.png,027
028\028-nm-05-000.png,028
028\028-nm-05-018.png,028
028\028-nm-05-036.png,028
028\028-nm-05-054.png,028
028\028-nm-05-072.png,028
028\028-nm-05-090.png,028
028\028-nm-05-108.png,028
028\028-nm-05-126.png,028
028\028-nm-05-144.png,028
028\028-nm-05-162.png,028
028\028-nm-05-180.png,028
028\028-nm-06-000.png,028
028\028-nm-06-018.png,028
028\028-nm-06-036.png,028
028\028-nm-06-054.png,028
028\028-nm-06-072.png,028
028\028-nm-06-090.png,028
028\028-nm-06-108.png,028
028\028-nm-06-126.png,028
028\028-nm-06-144.png,028
028\028-nm-06-162.png,028
028\028-nm-06-180.png,028
029\029-nm-05-000.png,029
029\029-nm-05-018.png,029
029\029-nm-05-036.png,029
029\029-nm-05-054.png,029
029\029-nm-05-072.png,029
029\029-nm-05-090.png,029
029\029-nm-05-108.png,029
029\029-nm-05-126.png,038
029\029-nm-05-144.png,038
029\029-nm-05-162.png,029
029\029-nm-05-180.png,029
029\029-nm-06-000.png,029
029\029-nm-06-018.png,029
029\029-nm-06-036.png,029
029\029-nm-06-054.png,009
029\029-nm-06-072.png,029
029\029-nm-06-090.png,029
029\029-nm-06-108.png,029
029\029-nm-06-126.png,038
029\029-nm-06-144.png,038
029\029-nm-06-162.png,029
029\029-nm-06-180.png,029
030\030-nm-05-000.png,030
030\030-nm-05-018.png,030
030\030-nm-05-036.png,030
030\030-nm-05-054.png,030
030\030-nm-05-072.png,030
030\030-nm-05-090.png,030
030\030-nm-05-108.png,030
030\030-nm-05-126.png,030
030\030-nm-05-144.png,030
030\030-nm-05-162.png,030
030\030-nm-05-180.png,030
030\030-nm-06-000.png,030
030\030-nm-06-018.png,030
030\030-nm-06-036.png,030
030\030-nm-06-054.png,030
030\030-nm-06-072.png,030
030\030-nm-06-090.png,030
030\030-nm-06-108.png,030
030\030-nm-06-126.png,030
030\030-nm-06-144.png,030
030\030-nm-06-162.png,030
030\030-nm-06-180.png,030
031\031-nm-05-000.png,031
031\031-nm-05-018.png,031
031\031-nm-05-036.png,031
031\031-nm-05-054.png,031
031\031-nm-05-072.png,031
031\031-nm-05-090.png,031
031\031-nm-05-108.png,031
031\031-nm-05-126.png,031
031\031-nm-05-144.png,031
031\031-nm-05-162.png,031
031\031-nm-05-180.png,031
031\031-nm-06-000.png,031
031\031-nm-06-018.png,031
031\031-nm-06-036.png,031
031\031-nm-06-054.png,031
031\031-nm-06-072.png,031
031\031-nm-06-090.png,031
031\031-nm-06-108.png,031
031\031-nm-06-126.png,031
031\031-nm-06-144.png,031
031\031-nm-06-162.png,031
031\031-nm-06-180.png,031
032\032-nm-05-000.png,032
032\032-nm-05-018.png,032
032\032-nm-05-036.png,032
032\032-nm-05-054.png,032
032\032-nm-05-072.png,032
032\032-nm-05-090.png,032
032\032-nm-05-108.png,032
032\032-nm-05-126.png,032
032\032-nm-05-144.png,056
032\032-nm-05-162.png,032
032\032-nm-05-180.png,032
032\032-nm-06-000.png,032
032\032-nm-06-018.png,032
032\032-nm-06-036.png,032
032\032-nm-06-054.png,032
032\032-nm-06-072.png,032
032\032-nm-06-090.png,032
032\032-nm-06-108.png,032
032\032-nm-06-126.png,032
032\032-nm-06-144.png,032
032\032-nm-06-162.png,056
032\032-nm-06-180.png,032
033\033-nm-05-000.png,033
033\033-nm-05-018.png,033
033\033-nm-05-036.png,033
033\033-nm-05-054.png,033
033\033-nm-05-072.png,033
033\033-nm-05-090.png,068
033\033-nm-05-108.png,033
033\033-nm-05-126.png,033
033\033-nm-05-144.png,033
033\033-nm-05-162.png,033
033\033-nm-05-180.png,033
033\033-nm-06-000.png,033
033\033-nm-06-018.png,033
033\033-nm-06-036.png,033
033\033-nm-06-054.png,081
033\033-nm-06-072.png,120
033\033-nm-06-090.png,120
033\033-nm-06-108.png,095
033\033-nm-06-126.png,088
033\033-nm-06-144.png,033
033\033-nm-06-162.png,017
033\033-nm-06-180.png,033
034\034-nm-05-000.png,034
034\034-nm-05-018.png,034
034\034-nm-05-036.png,034
034\034-nm-05-054.png,034
034\034-nm-05-072.png,034
034\034-nm-05-090.png,034
034\034-nm-05-108.png,034
034\034-nm-05-126.png,034
034\034-nm-05-144.png,034
034\034-nm-05-162.png,034
034\034-nm-05-180.png,034
034\034-nm-06-000.png,034
034\034-nm-06-018.png,034
034\034-nm-06-036.png,034
034\034-nm-06-054.png,034
034\034-nm-06-072.png,034
034\034-nm-06-090.png,034
034\034-nm-06-108.png,034
034\034-nm-06-126.png,034
034\034-nm-06-144.png,104
034\034-nm-06-162.png,034
034\034-nm-06-180.png,034
035\035-nm-05-000.png,035
035\035-nm-05-018.png,035
035\035-nm-05-036.png,035
035\035-nm-05-054.png,035
035\035-nm-05-072.png,035
035\035-nm-05-090.png,035
035\035-nm-05-108.png,035
035\035-nm-05-126.png,035
035\035-nm-05-144.png,035
035\035-nm-05-162.png,035
035\035-nm-05-180.png,035
035\035-nm-06-000.png,035
035\035-nm-06-018.png,035
035\035-nm-06-036.png,035
035\035-nm-06-054.png,035
035\035-nm-06-072.png,035
035\035-nm-06-090.png,035
035\035-nm-06-108.png,035
035\035-nm-06-126.png,035
035\035-nm-06-144.png,035
035\035-nm-06-162.png,035
035\035-nm-06-180.png,035
036\036-nm-05-000.png,036
036\036-nm-05-018.png,036
036\036-nm-05-036.png,036
036\036-nm-05-054.png,036
036\036-nm-05-072.png,036
036\036-nm-05-090.png,036
036\036-nm-05-108.png,036
036\036-nm-05-126.png,036
036\036-nm-05-144.png,036
036\036-nm-05-162.png,036
036\036-nm-05-180.png,036
036\036-nm-06-000.png,036
036\036-nm-06-018.png,036
036\036-nm-06-036.png,036
036\036-nm-06-054.png,036
036\036-nm-06-072.png,036
036\036-nm-06-090.png,036
036\036-nm-06-108.png,036
036\036-nm-06-126.png,036
036\036-nm-06-144.png,036
036\036-nm-06-162.png,036
036\036-nm-06-180.png,036
037\037-nm-05-000.png,037
037\037-nm-05-018.png,037
037\037-nm-05-036.png,037
037\037-nm-05-054.png,037
037\037-nm-05-072.png,037
037\037-nm-05-090.png,037
037\037-nm-05-108.png,037
037\037-nm-05-126.png,037
037\037-nm-05-144.png,037
037\037-nm-05-162.png,037
037\037-nm-05-180.png,037
037\037-nm-06-000.png,037
037\037-nm-06-018.png,037
037\037-nm-06-036.png,037
037\037-nm-06-054.png,037
037\037-nm-06-072.png,037
037\037-nm-06-090.png,037
037\037-nm-06-108.png,037
037\037-nm-06-126.png,037
037\037-nm-06-144.png,037
037\037-nm-06-162.png,037
037\037-nm-06-180.png,037
038\038-nm-05-000.png,038
038\038-nm-05-018.png,038
038\038-nm-05-036.png,038
038\038-nm-05-054.png,038
038\038-nm-05-072.png,038
038\038-nm-05-090.png,038
038\038-nm-05-108.png,038
038\038-nm-05-126.png,038
038\038-nm-05-144.png,038
038\038-nm-05-162.png,038
038\038-nm-05-180.png,038
038\038-nm-06-000.png,038
038\038-nm-06-018.png,038
038\038-nm-06-036.png,038
038\038-nm-06-054.png,038
038\038-nm-06-072.png,038
038\038-nm-06-090.png,038
038\038-nm-06-108.png,038
038\038-nm-06-126.png,038
038\038-nm-06-144.png,038
038\038-nm-06-162.png,038
038\038-nm-06-180.png,038
039\039-nm-05-000.png,039
039\039-nm-05-018.png,039
039\039-nm-05-036.png,039
039\039-nm-05-054.png,039
039\039-nm-05-072.png,039
039\039-nm-05-090.png,039
039\039-nm-05-108.png,039
039\039-nm-05-126.png,039
039\039-nm-05-144.png,039
039\039-nm-05-162.png,039
039\039-nm-05-180.png,039
039\039-nm-06-000.png,039
039\039-nm-06-018.png,039
039\039-nm-06-036.png,039
039\039-nm-06-054.png,088
039\039-nm-06-072.png,039
039\039-nm-06-090.png,039
039\039-nm-06-108.png,039
039\039-nm-06-126.png,039
039\039-nm-06-144.png,039
039\039-nm-06-162.png,039
039\039-nm-06-180.png,039
040\040-nm-05-000.png,040
040\040-nm-05-018.png,040
040\040-nm-05-036.png,040
040\040-nm-05-054.png,040
040\040-nm-05-072.png,040
040\040-nm-05-090.png,040
040\040-nm-05-108.png,040
040\040-nm-05-126.png,040
040\040-nm-05-144.png,040
040\040-nm-05-162.png,040
040\040-nm-05-180.png,040
040\040-nm-06-000.png,040
040\040-nm-06-018.png,040
040\040-nm-06-036.png,040
040\040-nm-06-054.png,040
040\040-nm-06-072.png,040
040\040-nm-06-090.png,040
040\040-nm-06-108.png,040
040\040-nm-06-126.png,040
040\040-nm-06-144.png,040
040\040-nm-06-162.png,040
040\040-nm-06-180.png,040
041\041-nm-05-000.png,079
041\041-nm-05-018.png,073
041\041-nm-05-036.png,057
041\041-nm-05-054.png,041
041\041-nm-05-072.png,016
041\041-nm-05-090.png,041
041\041-nm-05-108.png,041
041\041-nm-05-126.png,041
041\041-nm-05-144.png,006
041\041-nm-05-162.png,006
041\041-nm-05-180.png,023
041\041-nm-06-000.png,079
041\041-nm-06-018.png,052
041\041-nm-06-036.png,052
041\041-nm-06-054.png,041
041\041-nm-06-072.png,041
041\041-nm-06-090.png,041
041\041-nm-06-108.png,041
041\041-nm-06-126.png,041
041\041-nm-06-144.png,064
041\041-nm-06-162.png,052
041\041-nm-06-180.png,023
042\042-nm-05-000.png,042
042\042-nm-05-018.png,042
042\042-nm-05-036.png,042
042\042-nm-05-054.png,042
042\042-nm-05-072.png,042
042\042-nm-05-090.png,042
042\042-nm-05-108.png,042
042\042-nm-05-126.png,042
042\042-nm-05-144.png,042
042\042-nm-05-162.png,042
042\042-nm-05-180.png,042
042\042-nm-06-000.png,042
042\042-nm-06-018.png,042
042\042-nm-06-036.png,042
042\042-nm-06-054.png,042
042\042-nm-06-072.png,042
042\042-nm-06-090.png,042
042\042-nm-06-108.png,042
042\042-nm-06-126.png,042
042\042-nm-06-144.png,042
042\042-nm-06-162.png,042
042\042-nm-06-180.png,088
043\043-nm-05-000.png,043
043\043-nm-05-018.png,043
043\043-nm-05-036.png,043
043\043-nm-05-054.png,043
043\043-nm-05-072.png,043
043\043-nm-05-090.png,043
043\043-nm-05-108.png,043
043\043-nm-05-126.png,043
043\043-nm-05-144.png,043
043\043-nm-05-162.png,043
043\043-nm-05-180.png,043
043\043-nm-06-000.png,043
043\043-nm-06-018.png,043
043\043-nm-06-036.png,043
043\043-nm-06-054.png,043
043\043-nm-06-072.png,043
043\043-nm-06-090.png,043
043\043-nm-06-108.png,043
043\043-nm-06-126.png,043
043\043-nm-06-144.png,043
043\043-nm-06-162.png,043
043\043-nm-06-180.png,043
044\044-nm-05-000.png,044
044\044-nm-05-018.png,044
044\044-nm-05-036.png,044
044\044-nm-05-054.png,044
044\044-nm-05-072.png,044
044\044-nm-05-090.png,044
044\044-nm-05-108.png,044
044\044-nm-05-126.png,044
044\044-nm-05-144.png,044
044\044-nm-05-162.png,044
044\044-nm-05-180.png,044
044\044-nm-06-000.png,044
044\044-nm-06-018.png,044
044\044-nm-06-036.png,044
044\044-nm-06-054.png,044
044\044-nm-06-072.png,044
044\044-nm-06-090.png,044
044\044-nm-06-108.png,044
044\044-nm-06-126.png,044
044\044-nm-06-144.png,044
044\044-nm-06-162.png,044
044\044-nm-06-180.png,044
045\045-nm-05-000.png,045
045\045-nm-05-018.png,045
045\045-nm-05-036.png,045
045\045-nm-05-054.png,045
045\045-nm-05-072.png,045
045\045-nm-05-090.png,045
045\045-nm-05-108.png,045
045\045-nm-05-126.png,045
045\045-nm-05-144.png,045
045\045-nm-05-162.png,045
045\045-nm-05-180.png,045
045\045-nm-06-000.png,045
045\045-nm-06-018.png,045
045\045-nm-06-036.png,045
045\045-nm-06-054.png,045
045\045-nm-06-072.png,045
045\045-nm-06-090.png,045
045\045-nm-06-108.png,045
045\045-nm-06-126.png,045
045\045-nm-06-144.png,045
045\045-nm-06-162.png,045
045\045-nm-06-180.png,045
046\046-nm-05-000.png,046
046\046-nm-05-018.png,046
046\046-nm-05-036.png,046
046\046-nm-05-054.png,046
046\046-nm-05-072.png,046
046\046-nm-05-090.png,046
046\046-nm-05-108.png,046
046\046-nm-05-126.png,046
046\046-nm-05-144.png,046
046\046-nm-05-162.png,046
046\046-nm-05-180.png,046
046\046-nm-06-000.png,046
046\046-nm-06-018.png,046
046\046-nm-06-036.png,046
046\046-nm-06-054.png,046
046\046-nm-06-072.png,046
046\046-nm-06-090.png,046
046\046-nm-06-108.png,046
046\046-nm-06-126.png,046
046\046-nm-06-144.png,046
046\046-nm-06-162.png,046
046\046-nm-06-180.png,046
047\047-nm-05-000.png,047
047\047-nm-05-018.png,047
047\047-nm-05-036.png,047
047\047-nm-05-054.png,047
047\047-nm-05-072.png,047
047\047-nm-05-090.png,047
047\047-nm-05-108.png,047
047\047-nm-05-126.png,047
047\047-nm-05-144.png,047
047\047-nm-05-162.png,047
047\047-nm-05-180.png,047
047\047-nm-06-000.png,047
047\047-nm-06-018.png,047
047\047-nm-06-036.png,047
047\047-nm-06-054.png,047
047\047-nm-06-072.png,047
047\047-nm-06-090.png,047
047\047-nm-06-108.png,047
047\047-nm-06-126.png,047
047\047-nm-06-144.png,047
047\047-nm-06-162.png,047
047\047-nm-06-180.png,047
048\048-nm-05-000.png,048
048\048-nm-05-018.png,048
048\048-nm-05-036.png,048
048\048-nm-05-054.png,048
048\048-nm-05-072.png,048
048\048-nm-05-090.png,048
048\048-nm-05-108.png,048
048\048-nm-05-126.png,048
048\048-nm-05-144.png,048
048\048-nm-05-162.png,048
048\048-nm-05-180.png,048
048\048-nm-06-000.png,048
048\048-nm-06-018.png,048
048\048-nm-06-036.png,048
048\048-nm-06-054.png,048
048\048-nm-06-072.png,048
048\048-nm-06-090.png,048
048\048-nm-06-108.png,048
048\048-nm-06-126.png,048
048\048-nm-06-144.png,048
048\048-nm-06-162.png,048
048\048-nm-06-180.png,048
049\049-nm-05-000.png,049
049\049-nm-05-018.png,049
049\049-nm-05-036.png,049
049\049-nm-05-054.png,049
049\049-nm-05-072.png,049
049\049-nm-05-090.png,049
049\049-nm-05-108.png,049
049\049-nm-05-126.png,049
049\049-nm-05-144.png,049
049\049-nm-05-162.png,049
049\049-nm-05-180.png,049
049\049-nm-06-000.png,049
049\049-nm-06-018.png,049
049\049-nm-06-036.png,049
049\049-nm-06-054.png,049
049\049-nm-06-072.png,049
049\049-nm-06-090.png,049
049\049-nm-06-108.png,049
049\049-nm-06-126.png,049
049\049-nm-06-144.png,049
049\049-nm-06-162.png,049
049\049-nm-06-180.png,049
050\050-nm-05-000.png,050
050\050-nm-05-018.png,050
050\050-nm-05-036.png,050
050\050-nm-05-054.png,050
050\050-nm-05-072.png,050
050\050-nm-05-090.png,050
050\050-nm-05-108.png,050
050\050-nm-05-126.png,050
050\050-nm-05-144.png,050
050\050-nm-05-162.png,050
050\050-nm-05-180.png,050
050\050-nm-06-000.png,050
050\050-nm-06-018.png,050
050\050-nm-06-036.png,050
050\050-nm-06-054.png,050
050\050-nm-06-072.png,050
050\050-nm-06-090.png,050
050\050-nm-06-108.png,050
050\050-nm-06-126.png,050
050\050-nm-06-144.png,050
050\050-nm-06-162.png,050
050\050-nm-06-180.png,050
051\051-nm-05-000.png,051
051\051-nm-05-018.png,051
051\051-nm-05-036.png,051
051\051-nm-05-054.png,051
051\051-nm-05-072.png,051
051\051-nm-05-090.png,051
051\051-nm-05-108.png,051
051\051-nm-05-126.png,051
051\051-nm-05-144.png,051
051\051-nm-05-162.png,051
051\051-nm-05-180.png,051
051\051-nm-06-000.png,051
051\051-nm-06-018.png,051
051\051-nm-06-036.png,051
051\051-nm-06-054.png,051
051\051-nm-06-072.png,051
051\051-nm-06-090.png,051
051\051-nm-06-108.png,051
051\051-nm-06-126.png,051
051\051-nm-06-144.png,051
051\051-nm-06-162.png,051
051\051-nm-06-180.png,051
052\052-nm-05-000.png,052
052\052-nm-05-018.png,052
052\052-nm-05-036.png,052
052\052-nm-05-054.png,052
052\052-nm-05-072.png,052
052\052-nm-05-090.png,052
052\052-nm-05-108.png,052
052\052-nm-05-126.png,052
052\052-nm-05-144.png,052
052\052-nm-05-162.png,052
052\052-nm-05-180.png,052
052\052-nm-06-000.png,052
052\052-nm-06-018.png,052
052\052-nm-06-036.png,052
052\052-nm-06-054.png,052
052\052-nm-06-072.png,052
052\052-nm-06-090.png,052
052\052-nm-06-108.png,052
052\052-nm-06-126.png,052
052\052-nm-06-144.png,052
052\052-nm-06-162.png,052
052\052-nm-06-180.png,052
053\053-nm-05-000.png,053
053\053-nm-05-018.png,053
053\053-nm-05-036.png,053
053\053-nm-05-054.png,053
053\053-nm-05-072.png,053
053\053-nm-05-090.png,053
053\053-nm-05-108.png,053
053\053-nm-05-126.png,053
053\053-nm-05-144.png,053
053\053-nm-05-162.png,053
053\053-nm-05-180.png,053
053\053-nm-06-000.png,053
053\053-nm-06-018.png,053
053\053-nm-06-036.png,053
053\053-nm-06-054.png,053
053\053-nm-06-072.png,053
053\053-nm-06-090.png,053
053\053-nm-06-108.png,053
053\053-nm-06-126.png,053
053\053-nm-06-144.png,053
053\053-nm-06-162.png,053
053\053-nm-06-180.png,053
054\054-nm-05-000.png,054
054\054-nm-05-018.png,054
054\054-nm-05-036.png,054
054\054-nm-05-054.png,054
054\054-nm-05-072.png,054
054\054-nm-05-090.png,054
054\054-nm-05-108.png,054
054\054-nm-05-126.png,054
054\054-nm-05-144.png,054
054\054-nm-05-162.png,054
054\054-nm-05-180.png,054
054\054-nm-06-000.png,054
054\054-nm-06-018.png,054
054\054-nm-06-036.png,054
054\054-nm-06-054.png,054
054\054-nm-06-072.png,054
054\054-nm-06-090.png,054
054\054-nm-06-108.png,054
054\054-nm-06-126.png,054
054\054-nm-06-144.png,054
054\054-nm-06-162.png,054
054\054-nm-06-180.png,054
055\055-nm-05-000.png,055
055\055-nm-05-018.png,055
055\055-nm-05-036.png,055
055\055-nm-05-054.png,055
055\055-nm-05-072.png,055
055\055-nm-05-090.png,055
055\055-nm-05-108.png,055
055\055-nm-05-126.png,055
055\055-nm-05-144.png,055
055\055-nm-05-162.png,055
055\055-nm-05-180.png,055
055\055-nm-06-000.png,055
055\055-nm-06-018.png,055
055\055-nm-06-036.png,055
055\055-nm-06-054.png,055
055\055-nm-06-072.png,055
055\055-nm-06-090.png,055
055\055-nm-06-108.png,055
055\055-nm-06-126.png,055
055\055-nm-06-144.png,055
055\055-nm-06-162.png,055
055\055-nm-06-180.png,055
056\056-nm-05-000.png,056
056\056-nm-05-018.png,056
056\056-nm-05-036.png,056
056\056-nm-05-054.png,056
056\056-nm-05-072.png,056
056\056-nm-05-090.png,114
056\056-nm-05-108.png,056
056\056-nm-05-126.png,056
056\056-nm-05-144.png,056
056\056-nm-05-162.png,056
056\056-nm-05-180.png,025
056\056-nm-06-000.png,056
056\056-nm-06-018.png,056
056\056-nm-06-036.png,056
056\056-nm-06-054.png,056
056\056-nm-06-072.png,056
056\056-nm-06-090.png,056
056\056-nm-06-108.png,056
056\056-nm-06-126.png,056
056\056-nm-06-144.png,056
056\056-nm-06-162.png,056
056\056-nm-06-180.png,056
057\057-nm-05-000.png,057
057\057-nm-05-018.png,073
057\057-nm-05-036.png,057
057\057-nm-05-054.png,057
057\057-nm-05-072.png,057
057\057-nm-05-090.png,057
057\057-nm-05-108.png,057
057\057-nm-05-126.png,057
057\057-nm-05-144.png,057
057\057-nm-05-162.png,057
057\057-nm-05-180.png,045
057\057-nm-06-000.png,057
057\057-nm-06-018.png,057
057\057-nm-06-036.png,057
057\057-nm-06-054.png,057
057\057-nm-06-072.png,057
057\057-nm-06-090.png,057
057\057-nm-06-108.png,057
057\057-nm-06-126.png,057
057\057-nm-06-144.png,057
057\057-nm-06-162.png,057
057\057-nm-06-180.png,057
058\058-nm-05-000.png,058
058\058-nm-05-018.png,058
058\058-nm-05-036.png,058
058\058-nm-05-054.png,058
058\058-nm-05-072.png,058
058\058-nm-05-090.png,058
058\058-nm-05-108.png,058
058\058-nm-05-126.png,058
058\058-nm-05-144.png,058
058\058-nm-05-162.png,058
058\058-nm-05-180.png,058
058\058-nm-06-000.png,058
058\058-nm-06-018.png,058
058\058-nm-06-036.png,058
058\058-nm-06-054.png,058
058\058-nm-06-072.png,058
058\058-nm-06-090.png,058
058\058-nm-06-108.png,058
058\058-nm-06-126.png,058
058\058-nm-06-144.png,058
058\058-nm-06-162.png,058
058\058-nm-06-180.png,058
059\059-nm-05-000.png,059
059\059-nm-05-018.png,059
059\059-nm-05-036.png,059
059\059-nm-05-054.png,059
059\059-nm-05-072.png,059
059\059-nm-05-090.png,059
059\059-nm-05-108.png,059
059\059-nm-05-126.png,059
059\059-nm-05-144.png,059
059\059-nm-05-162.png,059
059\059-nm-05-180.png,059
059\059-nm-06-000.png,059
059\059-nm-06-018.png,057
059\059-nm-06-036.png,059
059\059-nm-06-054.png,059
059\059-nm-06-072.png,059
059\059-nm-06-090.png,059
059\059-nm-06-108.png,059
059\059-nm-06-126.png,059
059\059-nm-06-144.png,059
059\059-nm-06-162.png,059
059\059-nm-06-180.png,059
060\060-nm-05-000.png,060
060\060-nm-05-018.png,060
060\060-nm-05-036.png,060
060\060-nm-05-054.png,060
060\060-nm-05-072.png,060
060\060-nm-05-090.png,060
060\060-nm-05-108.png,060
060\060-nm-05-126.png,060
060\060-nm-05-144.png,060
060\060-nm-05-162.png,060
060\060-nm-05-180.png,060
060\060-nm-06-000.png,060
060\060-nm-06-018.png,060
060\060-nm-06-036.png,060
060\060-nm-06-054.png,060
060\060-nm-06-072.png,060
060\060-nm-06-090.png,060
060\060-nm-06-108.png,060
060\060-nm-06-126.png,060
060\060-nm-06-144.png,060
060\060-nm-06-162.png,060
060\060-nm-06-180.png,060
061\061-nm-05-000.png,029
061\061-nm-05-018.png,061
061\061-nm-05-036.png,061
061\061-nm-05-054.png,061
061\061-nm-05-072.png,020
061\061-nm-05-090.png,020
061\061-nm-05-108.png,084
061\061-nm-05-126.png,084
061\061-nm-05-144.png,038
061\061-nm-05-162.png,038
061\061-nm-05-180.png,029
061\061-nm-06-000.png,061
061\061-nm-06-018.png,061
061\061-nm-06-036.png,061
061\061-nm-06-054.png,061
061\061-nm-06-072.png,061
061\061-nm-06-090.png,061
061\061-nm-06-108.png,061
061\061-nm-06-126.png,061
061\061-nm-06-144.png,061
061\061-nm-06-162.png,061
061\061-nm-06-180.png,061
062\062-nm-05-000.png,075
062\062-nm-05-018.png,062
062\062-nm-05-036.png,062
062\062-nm-05-054.png,062
062\062-nm-05-072.png,062
062\062-nm-05-090.png,062
062\062-nm-05-108.png,062
062\062-nm-05-126.png,062
062\062-nm-05-144.png,062
062\062-nm-05-162.png,062
062\062-nm-05-180.png,062
062\062-nm-06-000.png,062
062\062-nm-06-018.png,062
062\062-nm-06-036.png,062
062\062-nm-06-054.png,062
062\062-nm-06-072.png,062
062\062-nm-06-090.png,062
062\062-nm-06-108.png,062
062\062-nm-06-126.png,062
062\062-nm-06-144.png,062
062\062-nm-06-162.png,062
062\062-nm-06-180.png,062
063\063-nm-05-000.png,063
063\063-nm-05-018.png,063
063\063-nm-05-036.png,063
063\063-nm-05-054.png,063
063\063-nm-05-072.png,063
063\063-nm-05-090.png,063
063\063-nm-05-108.png,124
063\063-nm-05-126.png,063
063\063-nm-05-144.png,063
063\063-nm-05-162.png,063
063\063-nm-05-180.png,063
063\063-nm-06-000.png,063
063\063-nm-06-018.png,063
063\063-nm-06-036.png,063
063\063-nm-06-054.png,063
063\063-nm-06-072.png,063
063\063-nm-06-090.png,063
063\063-nm-06-108.png,063
063\063-nm-06-126.png,063
063\063-nm-06-144.png,063
063\063-nm-06-162.png,063
063\063-nm-06-180.png,063
064\064-nm-05-000.png,064
064\064-nm-05-018.png,064
064\064-nm-05-036.png,064
064\064-nm-05-054.png,064
064\064-nm-05-072.png,064
064\064-nm-05-090.png,064
064\064-nm-05-108.png,064
064\064-nm-05-126.png,064
064\064-nm-05-144.png,064
064\064-nm-05-162.png,064
064\064-nm-05-180.png,064
064\064-nm-06-000.png,064
064\064-nm-06-018.png,064
064\064-nm-06-036.png,064
064\064-nm-06-054.png,064
064\064-nm-06-072.png,064
064\064-nm-06-090.png,064
064\064-nm-06-108.png,064
064\064-nm-06-126.png,064
064\064-nm-06-144.png,064
064\064-nm-06-162.png,064
064\064-nm-06-180.png,064
065\065-nm-05-000.png,065
065\065-nm-05-018.png,065
065\065-nm-05-036.png,065
065\065-nm-05-054.png,065
065\065-nm-05-072.png,065
065\065-nm-05-090.png,065
065\065-nm-05-108.png,065
065\065-nm-05-126.png,065
065\065-nm-05-144.png,065
065\065-nm-05-162.png,065
065\065-nm-05-180.png,065
065\065-nm-06-000.png,065
065\065-nm-06-018.png,065
065\065-nm-06-036.png,065
065\065-nm-06-054.png,065
065\065-nm-06-072.png,065
065\065-nm-06-090.png,065
065\065-nm-06-108.png,065
065\065-nm-06-126.png,065
065\065-nm-06-144.png,065
065\065-nm-06-162.png,065
065\065-nm-06-180.png,065
066\066-nm-05-000.png,066
066\066-nm-05-018.png,066
066\066-nm-05-036.png,066
066\066-nm-05-054.png,066
066\066-nm-05-072.png,066
066\066-nm-05-090.png,066
066\066-nm-05-108.png,066
066\066-nm-05-126.png,066
066\066-nm-05-144.png,066
066\066-nm-05-162.png,066
066\066-nm-05-180.png,066
066\066-nm-06-000.png,066
066\066-nm-06-018.png,066
066\066-nm-06-036.png,066
066\066-nm-06-054.png,066
066\066-nm-06-072.png,066
066\066-nm-06-090.png,066
066\066-nm-06-108.png,066
066\066-nm-06-126.png,066
066\066-nm-06-144.png,066
066\066-nm-06-162.png,066
066\066-nm-06-180.png,066
067\067-nm-05-000.png,067
067\067-nm-05-018.png,067
067\067-nm-05-036.png,067
067\067-nm-05-054.png,067
067\067-nm-05-072.png,067
067\067-nm-05-090.png,067
067\067-nm-05-108.png,067
067\067-nm-05-126.png,067
067\067-nm-05-144.png,067
067\067-nm-05-162.png,067
067\067-nm-05-180.png,067
067\067-nm-06-000.png,067
067\067-nm-06-018.png,067
067\067-nm-06-036.png,067
067\067-nm-06-054.png,067
067\067-nm-06-072.png,067
067\067-nm-06-090.png,067
067\067-nm-06-108.png,067
067\067-nm-06-126.png,067
067\067-nm-06-144.png,067
067\067-nm-06-162.png,067
067\067-nm-06-180.png,067
068\068-nm-05-000.png,068
068\068-nm-05-018.png,068
068\068-nm-05-036.png,068
068\068-nm-05-054.png,068
068\068-nm-05-072.png,068
068\068-nm-05-090.png,068
068\068-nm-05-108.png,068
068\068-nm-05-126.png,068
068\068-nm-05-144.png,068
068\068-nm-05-162.png,068
068\068-nm-05-180.png,068
068\068-nm-06-000.png,068
068\068-nm-06-018.png,068
068\068-nm-06-036.png,068
068\068-nm-06-054.png,068
068\068-nm-06-072.png,068
068\068-nm-06-090.png,068
068\068-nm-06-108.png,068
068\068-nm-06-126.png,068
068\068-nm-06-144.png,068
068\068-nm-06-162.png,068
068\068-nm-06-180.png,068
069\069-nm-05-000.png,069
069\069-nm-05-018.png,069
069\069-nm-05-036.png,069
069\069-nm-05-054.png,069
069\069-nm-05-072.png,069
069\069-nm-05-090.png,069
069\069-nm-05-108.png,069
069\069-nm-05-126.png,069
069\069-nm-05-144.png,069
069\069-nm-05-162.png,069
069\069-nm-05-180.png,046
069\069-nm-06-000.png,069
069\069-nm-06-018.png,069
069\069-nm-06-036.png,069
069\069-nm-06-054.png,069
069\069-nm-06-072.png,069
069\069-nm-06-090.png,069
069\069-nm-06-108.png,069
069\069-nm-06-126.png,069
069\069-nm-06-144.png,069
069\069-nm-06-162.png,069
069\069-nm-06-180.png,069
070\070-nm-05-000.png,070
070\070-nm-05-018.png,070
070\070-nm-05-036.png,070
070\070-nm-05-054.png,070
070\070-nm-05-072.png,070
070\070-nm-05-090.png,070
070\070-nm-05-108.png,070
070\070-nm-05-126.png,070
070\070-nm-05-144.png,070
070\070-nm-05-162.png,070
070\070-nm-05-180.png,070
070\070-nm-06-000.png,070
070\070-nm-06-018.png,070
070\070-nm-06-036.png,070
070\070-nm-06-054.png,070
070\070-nm-06-072.png,070
070\070-nm-06-090.png,112
070\070-nm-06-108.png,070
070\070-nm-06-126.png,070
070\070-nm-06-144.png,070
070\070-nm-06-162.png,070
070\070-nm-06-180.png,070
071\071-nm-05-000.png,071
071\071-nm-05-018.png,071
071\071-nm-05-036.png,071
071\071-nm-05-054.png,071
071\071-nm-05-072.png,071
071\071-nm-05-090.png,071
071\071-nm-05-108.png,071
071\071-nm-05-126.png,071
071\071-nm-05-144.png,071
071\071-nm-05-162.png,071
071\071-nm-05-180.png,071
071\071-nm-06-000.png,071
071\071-nm-06-018.png,071
071\071-nm-06-036.png,071
071\071-nm-06-054.png,071
071\071-nm-06-072.png,071
071\071-nm-06-090.png,071
071\071-nm-06-108.png,071
071\071-nm-06-126.png,071
071\071-nm-06-144.png,071
071\071-nm-06-162.png,071
071\071-nm-06-180.png,071
072\072-nm-05-000.png,072
072\072-nm-05-018.png,072
072\072-nm-05-036.png,072
072\072-nm-05-054.png,072
072\072-nm-05-072.png,072
072\072-nm-05-090.png,072
072\072-nm-05-108.png,072
072\072-nm-05-126.png,072
072\072-nm-05-144.png,072
072\072-nm-05-162.png,072
072\072-nm-05-180.png,072
072\072-nm-06-000.png,072
072\072-nm-06-018.png,072
072\072-nm-06-036.png,072
072\072-nm-06-054.png,072
072\072-nm-06-072.png,072
072\072-nm-06-090.png,072
072\072-nm-06-108.png,072
072\072-nm-06-126.png,072
072\072-nm-06-144.png,072
072\072-nm-06-162.png,072
072\072-nm-06-180.png,072
073\073-nm-05-000.png,073
073\073-nm-05-018.png,073
073\073-nm-05-036.png,073
073\073-nm-05-054.png,056
073\073-nm-05-072.png,088
073\073-nm-05-090.png,114
073\073-nm-05-108.png,088
073\073-nm-05-126.png,073
073\073-nm-05-144.png,073
073\073-nm-05-162.png,073
073\073-nm-05-180.png,073
073\073-nm-06-000.png,073
073\073-nm-06-018.png,073
073\073-nm-06-036.png,073
073\073-nm-06-054.png,073
073\073-nm-06-072.png,073
073\073-nm-06-090.png,073
073\073-nm-06-108.png,073
073\073-nm-06-126.png,073
073\073-nm-06-144.png,073
073\073-nm-06-162.png,073
073\073-nm-06-180.png,073
074\074-nm-05-000.png,074
074\074-nm-05-018.png,074
074\074-nm-05-036.png,074
074\074-nm-05-054.png,074
074\074-nm-05-072.png,074
074\074-nm-05-090.png,074
074\074-nm-05-108.png,074
074\074-nm-05-126.png,074
074\074-nm-05-144.png,074
074\074-nm-05-162.png,074
074\074-nm-05-180.png,074
074\074-nm-06-000.png,074
074\074-nm-06-018.png,074
074\074-nm-06-036.png,074
074\074-nm-06-054.png,074
074\074-nm-06-072.png,074
074\074-nm-06-090.png,074
074\074-nm-06-108.png,074
074\074-nm-06-126.png,074
074\074-nm-06-144.png,074
074\074-nm-06-162.png,074
074\074-nm-06-180.png,074
075\075-nm-05-000.png,075
075\075-nm-05-018.png,075
075\075-nm-05-036.png,075
075\075-nm-05-054.png,075
075\075-nm-05-072.png,075
075\075-nm-05-090.png,075
075\075-nm-05-108.png,075
075\075-nm-05-126.png,075
075\075-nm-05-144.png,075
075\075-nm-05-162.png,075
075\075-nm-05-180.png,075
075\075-nm-06-000.png,075
075\075-nm-06-018.png,075
075\075-nm-06-036.png,075
075\075-nm-06-054.png,075
075\075-nm-06-072.png,075
075\075-nm-06-090.png,075
075\075-nm-06-108.png,075
075\075-nm-06-126.png,075
075\075-nm-06-144.png,056
075\075-nm-06-162.png,075
075\075-nm-06-180.png,075
076\076-nm-05-000.png,076
076\076-nm-05-018.png,076
076\076-nm-05-036.png,076
076\076-nm-05-054.png,076
076\076-nm-05-072.png,076
076\076-nm-05-090.png,076
076\076-nm-05-108.png,076
076\076-nm-05-126.png,076
076\076-nm-05-144.png,076
076\076-nm-05-162.png,076
076\076-nm-05-180.png,076
076\076-nm-06-000.png,076
076\076-nm-06-018.png,076
076\076-nm-06-036.png,076
076\076-nm-06-054.png,076
076\076-nm-06-072.png,076
076\076-nm-06-090.png,076
076\076-nm-06-108.png,076
076\076-nm-06-126.png,076
076\076-nm-06-144.png,076
076\076-nm-06-162.png,076
076\076-nm-06-180.png,076
077\077-nm-05-000.png,077
077\077-nm-05-018.png,077
077\077-nm-05-036.png,077
077\077-nm-05-054.png,077
077\077-nm-05-072.png,077
077\077-nm-05-090.png,077
077\077-nm-05-108.png,077
077\077-nm-05-126.png,077
077\077-nm-05-144.png,077
077\077-nm-05-162.png,077
077\077-nm-05-180.png,077
077\077-nm-06-000.png,077
077\077-nm-06-018.png,077
077\077-nm-06-036.png,077
077\077-nm-06-054.png,077
077\077-nm-06-072.png,077
077\077-nm-06-090.png,077
077\077-nm-06-108.png,077
077\077-nm-06-126.png,077
077\077-nm-06-144.png,077
077\077-nm-06-162.png,077
077\077-nm-06-180.png,077
078\078-nm-05-000.png,078
078\078-nm-05-018.png,078
078\078-nm-05-036.png,078
078\078-nm-05-054.png,078
078\078-nm-05-072.png,078
078\078-nm-05-090.png,078
078\078-nm-05-108.png,078
078\078-nm-05-126.png,078
078\078-nm-05-144.png,078
078\078-nm-05-162.png,078
078\078-nm-05-180.png,078
078\078-nm-06-000.png,078
078\078-nm-06-018.png,078
078\078-nm-06-036.png,078
078\078-nm-06-054.png,078
078\078-nm-06-072.png,078
078\078-nm-06-090.png,078
078\078-nm-06-108.png,078
078\078-nm-06-126.png,078
078\078-nm-06-144.png,078
078\078-nm-06-162.png,078
078\078-nm-06-180.png,078
079\079-nm-05-000.png,079
079\079-nm-05-018.png,079
079\079-nm-05-036.png,079
079\079-nm-05-054.png,079
079\079-nm-05-072.png,079
079\079-nm-05-090.png,079
079\079-nm-05-108.png,079
079\079-nm-05-126.png,079
079\079-nm-05-144.png,079
079\079-nm-05-162.png,079
079\079-nm-05-180.png,079
079\079-nm-06-000.png,079
079\079-nm-06-018.png,079
079\079-nm-06-036.png,079
079\079-nm-06-054.png,079
079\079-nm-06-072.png,079
079\079-nm-06-090.png,079
079\079-nm-06-108.png,079
079\079-nm-06-126.png,079
079\079-nm-06-144.png,079
079\079-nm-06-162.png,079
079\079-nm-06-180.png,079
080\080-nm-05-000.png,080
080\080-nm-05-018.png,080
080\080-nm-05-036.png,080
080\080-nm-05-054.png,080
080\080-nm-05-072.png,080
080\080-nm-05-090.png,080
080\080-nm-05-108.png,080
080\080-nm-05-126.png,080
080\080-nm-05-144.png,080
080\080-nm-05-162.png,080
080\080-nm-05-180.png,080
080\080-nm-06-000.png,080
080\080-nm-06-018.png,080
080\080-nm-06-036.png,025
080\080-nm-06-054.png,080
080\080-nm-06-072.png,080
080\080-nm-06-090.png,080
080\080-nm-06-108.png,080
080\080-nm-06-126.png,080
080\080-nm-06-144.png,080
080\080-nm-06-162.png,080
080\080-nm-06-180.png,080
081\081-nm-05-000.png,081
081\081-nm-05-018.png,081
081\081-nm-05-036.png,081
081\081-nm-05-054.png,081
081\081-nm-05-072.png,081
081\081-nm-05-090.png,081
081\081-nm-05-108.png,081
081\081-nm-05-126.png,081
081\081-nm-05-144.png,081
081\081-nm-05-162.png,081
081\081-nm-05-180.png,081
081\081-nm-06-000.png,081
081\081-nm-06-018.png,081
081\081-nm-06-036.png,081
081\081-nm-06-054.png,081
081\081-nm-06-072.png,081
081\081-nm-06-090.png,081
081\081-nm-06-108.png,081
081\081-nm-06-126.png,081
081\081-nm-06-144.png,081
081\081-nm-06-162.png,081
081\081-nm-06-180.png,081
082\082-nm-05-000.png,082
082\082-nm-05-018.png,082
082\082-nm-05-036.png,082
082\082-nm-05-054.png,082
082\082-nm-05-072.png,082
082\082-nm-05-090.png,082
082\082-nm-05-108.png,082
082\082-nm-05-126.png,082
082\082-nm-05-144.png,082
082\082-nm-05-162.png,082
082\082-nm-05-180.png,082
082\082-nm-06-000.png,082
082\082-nm-06-018.png,082
082\082-nm-06-036.png,082
082\082-nm-06-054.png,082
082\082-nm-06-072.png,082
082\082-nm-06-090.png,082
082\082-nm-06-108.png,082
082\082-nm-06-126.png,082
082\082-nm-06-144.png,082
082\082-nm-06-162.png,082
082\082-nm-06-180.png,082
083\083-nm-05-000.png,083
083\083-nm-05-018.png,083
083\083-nm-05-036.png,083
083\083-nm-05-054.png,083
083\083-nm-05-072.png,083
083\083-nm-05-090.png,083
083\083-nm-05-108.png,083
083\083-nm-05-126.png,083
083\083-nm-05-144.png,083
083\083-nm-05-162.png,083
083\083-nm-05-180.png,083
083\083-nm-06-000.png,083
083\083-nm-06-018.png,083
083\083-nm-06-036.png,083
083\083-nm-06-054.png,083
083\083-nm-06-072.png,083
083\083-nm-06-090.png,083
083\083-nm-06-108.png,083
083\083-nm-06-126.png,083
083\083-nm-06-144.png,083
083\083-nm-06-162.png,083
083\083-nm-06-180.png,083
084\084-nm-05-000.png,084
084\084-nm-05-018.png,084
084\084-nm-05-036.png,084
084\084-nm-05-054.png,084
084\084-nm-05-072.png,084
084\084-nm-05-090.png,084
084\084-nm-05-108.png,084
084\084-nm-05-126.png,084
084\084-nm-05-144.png,084
084\084-nm-05-162.png,084
084\084-nm-05-180.png,084
084\084-nm-06-000.png,084
084\084-nm-06-018.png,084
084\084-nm-06-036.png,084
084\084-nm-06-054.png,084
084\084-nm-06-072.png,084
084\084-nm-06-090.png,084
084\084-nm-06-108.png,084
084\084-nm-06-126.png,084
084\084-nm-06-144.png,084
084\084-nm-06-162.png,084
084\084-nm-06-180.png,084
085\085-nm-05-000.png,085
085\085-nm-05-018.png,023
085\085-nm-05-036.png,085
085\085-nm-05-054.png,085
085\085-nm-05-072.png,085
085\085-nm-05-090.png,085
085\085-nm-05-108.png,085
085\085-nm-05-126.png,085
085\085-nm-05-144.png,085
085\085-nm-05-162.png,085
085\085-nm-05-180.png,088
085\085-nm-06-000.png,085
085\085-nm-06-018.png,085
085\085-nm-06-036.png,085
085\085-nm-06-054.png,085
085\085-nm-06-072.png,085
085\085-nm-06-090.png,085
085\085-nm-06-108.png,085
085\085-nm-06-126.png,085
085\085-nm-06-144.png,085
085\085-nm-06-162.png,085
085\085-nm-06-180.png,088
086\086-nm-05-000.png,086
086\086-nm-05-018.png,086
086\086-nm-05-036.png,086
086\086-nm-05-054.png,086
086\086-nm-05-072.png,086
086\086-nm-05-090.png,086
086\086-nm-05-108.png,086
086\086-nm-05-126.png,086
086\086-nm-05-144.png,086
086\086-nm-05-162.png,086
086\086-nm-05-180.png,086
086\086-nm-06-000.png,086
086\086-nm-06-018.png,086
086\086-nm-06-036.png,086
086\086-nm-06-054.png,086
086\086-nm-06-072.png,086
086\086-nm-06-090.png,086
086\086-nm-06-108.png,086
086\086-nm-06-126.png,086
086\086-nm-06-144.png,086
086\086-nm-06-162.png,086
086\086-nm-06-180.png,086
087\087-nm-05-000.png,087
087\087-nm-05-018.png,087
087\087-nm-05-036.png,087
087\087-nm-05-054.png,087
087\087-nm-05-072.png,087
087\087-nm-05-090.png,087
087\087-nm-05-108.png,087
087\087-nm-05-126.png,087
087\087-nm-05-144.png,087
087\087-nm-05-162.png,087
087\087-nm-05-180.png,087
087\087-nm-06-000.png,087
087\087-nm-06-018.png,087
087\087-nm-06-036.png,087
087\087-nm-06-054.png,087
087\087-nm-06-072.png,087
087\087-nm-06-090.png,087
087\087-nm-06-108.png,087
087\087-nm-06-126.png,087
087\087-nm-06-144.png,087
087\087-nm-06-162.png,087
087\087-nm-06-180.png,087
088\088-nm-05-000.png,088
088\088-nm-05-018.png,088
088\088-nm-05-036.png,088
088\088-nm-05-054.png,088
088\088-nm-05-072.png,088
088\088-nm-05-090.png,088
088\088-nm-05-108.png,088
088\088-nm-05-126.png,088
088\088-nm-05-144.png,088
088\088-nm-05-162.png,088
088\088-nm-05-180.png,088
088\088-nm-06-000.png,088
088\088-nm-06-018.png,088
088\088-nm-06-036.png,088
088\088-nm-06-054.png,088
088\088-nm-06-072.png,088
088\088-nm-06-090.png,088
088\088-nm-06-108.png,088
088\088-nm-06-126.png,088
088\088-nm-06-144.png,088
088\088-nm-06-162.png,088
088\088-nm-06-180.png,088
089\089-nm-05-000.png,089
089\089-nm-05-018.png,089
089\089-nm-05-036.png,089
089\089-nm-05-054.png,089
089\089-nm-05-072.png,089
089\089-nm-05-090.png,089
089\089-nm-05-108.png,089
089\089-nm-05-126.png,089
089\089-nm-05-144.png,089
089\089-nm-05-162.png,089
089\089-nm-05-180.png,089
089\089-nm-06-000.png,089
089\089-nm-06-018.png,089
089\089-nm-06-036.png,089
089\089-nm-06-054.png,088
089\089-nm-06-072.png,089
089\089-nm-06-090.png,089
089\089-nm-06-108.png,089
089\089-nm-06-126.png,089
089\089-nm-06-144.png,089
089\089-nm-06-162.png,089
089\089-nm-06-180.png,089
090\090-nm-05-000.png,090
090\090-nm-05-018.png,090
090\090-nm-05-036.png,090
090\090-nm-05-054.png,090
090\090-nm-05-072.png,090
090\090-nm-05-090.png,090
090\090-nm-05-108.png,090
090\090-nm-05-126.png,090
090\090-nm-05-144.png,090
090\090-nm-05-162.png,090
090\090-nm-05-180.png,090
090\090-nm-06-000.png,090
090\090-nm-06-018.png,090
090\090-nm-06-036.png,090
090\090-nm-06-054.png,090
090\090-nm-06-072.png,090
090\090-nm-06-090.png,090
090\090-nm-06-108.png,090
090\090-nm-06-126.png,090
090\090-nm-06-144.png,090
090\090-nm-06-162.png,090
090\090-nm-06-180.png,090
091\091-nm-05-000.png,091
091\091-nm-05-018.png,091
091\091-nm-05-036.png,091
091\091-nm-05-054.png,091
091\091-nm-05-072.png,091
091\091-nm-05-090.png,091
091\091-nm-05-108.png,091
091\091-nm-05-126.png,091
091\091-nm-05-144.png,091
091\091-nm-05-162.png,091
091\091-nm-05-180.png,091
091\091-nm-06-000.png,091
091\091-nm-06-018.png,091
091\091-nm-06-036.png,091
091\091-nm-06-054.png,091
091\091-nm-06-072.png,091
091\091-nm-06-090.png,091
091\091-nm-06-108.png,091
091\091-nm-06-126.png,091
091\091-nm-06-144.png,091
091\091-nm-06-162.png,091
091\091-nm-06-180.png,091
092\092-nm-05-000.png,025
092\092-nm-05-018.png,092
092\092-nm-05-036.png,092
092\092-nm-05-054.png,092
092\092-nm-05-072.png,092
092\092-nm-05-090.png,092
092\092-nm-05-108.png,092
092\092-nm-05-126.png,092
092\092-nm-05-144.png,092
092\092-nm-05-162.png,092
092\092-nm-05-180.png,092
092\092-nm-06-000.png,025
092\092-nm-06-018.png,092
092\092-nm-06-036.png,092
092\092-nm-06-054.png,092
092\092-nm-06-072.png,092
092\092-nm-06-090.png,092
092\092-nm-06-108.png,092
092\092-nm-06-126.png,092
092\092-nm-06-144.png,092
092\092-nm-06-162.png,092
092\092-nm-06-180.png,092
093\093-nm-05-000.png,093
093\093-nm-05-018.png,093
093\093-nm-05-036.png,093
093\093-nm-05-054.png,093
093\093-nm-05-072.png,093
093\093-nm-05-090.png,093
093\093-nm-05-108.png,093
093\093-nm-05-126.png,093
093\093-nm-05-144.png,093
093\093-nm-05-162.png,093
093\093-nm-05-180.png,093
093\093-nm-06-000.png,093
093\093-nm-06-018.png,093
093\093-nm-06-036.png,093
093\093-nm-06-054.png,093
093\093-nm-06-072.png,023
093\093-nm-06-090.png,011
093\093-nm-06-108.png,093
093\093-nm-06-126.png,093
093\093-nm-06-144.png,093
093\093-nm-06-162.png,093
093\093-nm-06-180.png,093
094\094-nm-05-000.png,094
094\094-nm-05-018.png,094
094\094-nm-05-036.png,094
094\094-nm-05-054.png,094
094\094-nm-05-072.png,094
094\094-nm-05-090.png,094
094\094-nm-05-108.png,094
094\094-nm-05-126.png,035
094\094-nm-05-144.png,102
094\094-nm-05-162.png,074
094\094-nm-05-180.png,094
094\094-nm-06-000.png,094
094\094-nm-06-018.png,094
094\094-nm-06-036.png,094
094\094-nm-06-054.png,094
094\094-nm-06-072.png,061
094\094-nm-06-090.png,061
094\094-nm-06-108.png,061
094\094-nm-06-126.png,094
094\094-nm-06-144.png,094
094\094-nm-06-162.png,094
094\094-nm-06-180.png,094
095\095-nm-05-000.png,025
095\095-nm-05-018.png,099
095\095-nm-05-036.png,099
095\095-nm-05-054.png,099
095\095-nm-05-072.png,086
095\095-nm-05-090.png,095
095\095-nm-05-108.png,095
095\095-nm-05-126.png,095
095\095-nm-05-144.png,095
095\095-nm-05-162.png,095
095\095-nm-05-180.png,025
095\095-nm-06-000.png,095
095\095-nm-06-018.png,099
095\095-nm-06-036.png,095
095\095-nm-06-054.png,095
095\095-nm-06-072.png,095
095\095-nm-06-090.png,095
095\095-nm-06-108.png,095
095\095-nm-06-126.png,095
095\095-nm-06-144.png,095
095\095-nm-06-162.png,079
095\095-nm-06-180.png,095
096\096-nm-05-000.png,096
096\096-nm-05-018.png,096
096\096-nm-05-036.png,096
096\096-nm-05-054.png,096
096\096-nm-05-072.png,096
096\096-nm-05-090.png,096
096\096-nm-05-108.png,096
096\096-nm-05-126.png,096
096\096-nm-05-144.png,096
096\096-nm-05-162.png,096
096\096-nm-05-180.png,121
096\096-nm-06-000.png,096
096\096-nm-06-018.png,096
096\096-nm-06-036.png,096
096\096-nm-06-054.png,096
096\096-nm-06-072.png,096
096\096-nm-06-090.png,096
096\096-nm-06-108.png,096
096\096-nm-06-126.png,096
096\096-nm-06-144.png,096
096\096-nm-06-162.png,096
096\096-nm-06-180.png,096
097\097-nm-05-000.png,097
097\097-nm-05-018.png,097
097\097-nm-05-036.png,097
097\097-nm-05-054.png,097
097\097-nm-05-072.png,097
097\097-nm-05-090.png,097
097\097-nm-05-108.png,097
097\097-nm-05-126.png,097
097\097-nm-05-144.png,097
097\097-nm-05-162.png,097
097\097-nm-05-180.png,097
097\097-nm-06-000.png,097
097\097-nm-06-018.png,097
097\097-nm-06-036.png,097
097\097-nm-06-054.png,097
097\097-nm-06-072.png,097
097\097-nm-06-090.png,097
097\097-nm-06-108.png,097
097\097-nm-06-126.png,097
097\097-nm-06-144.png,097
097\097-nm-06-162.png,097
097\097-nm-06-180.png,097
098\098-nm-05-000.png,098
098\098-nm-05-018.png,098
098\098-nm-05-036.png,098
098\098-nm-05-054.png,098
098\098-nm-05-072.png,098
098\098-nm-05-090.png,098
098\098-nm-05-108.png,098
098\098-nm-05-126.png,098
098\098-nm-05-144.png,098
098\098-nm-05-162.png,098
098\098-nm-05-180.png,088
098\098-nm-06-000.png,098
098\098-nm-06-018.png,098
098\098-nm-06-036.png,098
098\098-nm-06-054.png,098
098\098-nm-06-072.png,098
098\098-nm-06-090.png,098
098\098-nm-06-108.png,098
098\098-nm-06-126.png,098
098\098-nm-06-144.png,098
098\098-nm-06-162.png,098
098\098-nm-06-180.png,088
099\099-nm-05-000.png,099
099\099-nm-05-018.png,099
099\099-nm-05-036.png,099
099\099-nm-05-054.png,099
099\099-nm-05-072.png,099
099\099-nm-05-090.png,099
099\099-nm-05-108.png,099
099\099-nm-05-126.png,099
099\099-nm-05-144.png,099
099\099-nm-05-162.png,099
099\099-nm-05-180.png,099
099\099-nm-06-000.png,099
099\099-nm-06-018.png,099
099\099-nm-06-036.png,099
099\099-nm-06-054.png,099
099\099-nm-06-072.png,099
099\099-nm-06-090.png,099
099\099-nm-06-108.png,099
099\099-nm-06-126.png,099
099\099-nm-06-144.png,099
099\099-nm-06-162.png,099
099\099-nm-06-180.png,099
100\100-nm-05-000.png,100
100\100-nm-05-018.png,100
100\100-nm-05-036.png,100
100\100-nm-05-054.png,100
100\100-nm-05-072.png,100
100\100-nm-05-090.png,100
100\100-nm-05-108.png,100
100\100-nm-05-126.png,100
100\100-nm-05-144.png,100
100\100-nm-05-162.png,100
100\100-nm-05-180.png,100
100\100-nm-06-000.png,100
100\100-nm-06-018.png,100
100\100-nm-06-036.png,100
100\100-nm-06-054.png,100
100\100-nm-06-072.png,100
100\100-nm-06-090.png,100
100\100-nm-06-108.png,100
100\100-nm-06-126.png,100
100\100-nm-06-144.png,100
100\100-nm-06-162.png,100
100\100-nm-06-180.png,100
101\101-nm-05-000.png,101
101\101-nm-05-018.png,101
101\101-nm-05-036.png,101
101\101-nm-05-054.png,101
101\101-nm-05-072.png,101
101\101-nm-05-090.png,101
101\101-nm-05-108.png,101
101\101-nm-05-126.png,101
101\101-nm-05-144.png,101
101\101-nm-05-162.png,101
101\101-nm-05-180.png,101
101\101-nm-06-000.png,101
101\101-nm-06-018.png,101
101\101-nm-06-036.png,101
101\101-nm-06-054.png,101
101\101-nm-06-072.png,101
101\101-nm-06-090.png,101
101\101-nm-06-108.png,101
101\101-nm-06-126.png,101
101\101-nm-06-144.png,101
101\101-nm-06-162.png,101
101\101-nm-06-180.png,101
102\102-nm-05-000.png,102
102\102-nm-05-018.png,102
102\102-nm-05-036.png,102
102\102-nm-05-054.png,102
102\102-nm-05-072.png,102
102\102-nm-05-090.png,102
102\102-nm-05-108.png,102
102\102-nm-05-126.png,102
102\102-nm-05-144.png,102
102\102-nm-05-162.png,102
102\102-nm-05-180.png,102
102\102-nm-06-000.png,102
102\102-nm-06-018.png,102
102\102-nm-06-036.png,102
102\102-nm-06-054.png,102
102\102-nm-06-072.png,102
102\102-nm-06-090.png,102
102\102-nm-06-108.png,102
102\102-nm-06-126.png,102
102\102-nm-06-144.png,102
102\102-nm-06-162.png,102
102\102-nm-06-180.png,102
103\103-nm-05-000.png,103
103\103-nm-05-018.png,103
103\103-nm-05-036.png,103
103\103-nm-05-054.png,103
103\103-nm-05-072.png,103
103\103-nm-05-090.png,103
103\103-nm-05-108.png,103
103\103-nm-05-126.png,103
103\103-nm-05-144.png,103
103\103-nm-05-162.png,103
103\103-nm-05-180.png,103
103\103-nm-06-000.png,103
103\103-nm-06-018.png,103
103\103-nm-06-036.png,103
103\103-nm-06-054.png,103
103\103-nm-06-072.png,103
103\103-nm-06-090.png,103
103\103-nm-06-108.png,103
103\103-nm-06-126.png,103
103\103-nm-06-144.png,103
103\103-nm-06-162.png,103
103\103-nm-06-180.png,103
104\104-nm-05-000.png,104
104\104-nm-05-018.png,104
104\104-nm-05-036.png,104
104\104-nm-05-054.png,104
104\104-nm-05-072.png,104
104\104-nm-05-090.png,104
104\104-nm-05-108.png,104
104\104-nm-05-126.png,104
104\104-nm-05-144.png,104
104\104-nm-05-162.png,104
104\104-nm-05-180.png,104
104\104-nm-06-000.png,104
104\104-nm-06-018.png,104
104\104-nm-06-036.png,104
104\104-nm-06-054.png,104
104\104-nm-06-072.png,104
104\104-nm-06-090.png,104
104\104-nm-06-108.png,104
104\104-nm-06-126.png,104
104\104-nm-06-144.png,104
104\104-nm-06-162.png,104
104\104-nm-06-180.png,034
105\105-nm-05-000.png,105
105\105-nm-05-018.png,105
105\105-nm-05-036.png,105
105\105-nm-05-054.png,105
105\105-nm-05-072.png,105
105\105-nm-05-090.png,105
105\105-nm-05-108.png,105
105\105-nm-05-126.png,105
105\105-nm-05-144.png,105
105\105-nm-05-162.png,105
105\105-nm-05-180.png,105
105\105-nm-06-000.png,105
105\105-nm-06-018.png,105
105\105-nm-06-036.png,105
105\105-nm-06-054.png,105
105\105-nm-06-072.png,105
105\105-nm-06-090.png,105
105\105-nm-06-108.png,105
105\105-nm-06-126.png,105
105\105-nm-06-144.png,105
105\105-nm-06-162.png,105
105\105-nm-06-180.png,105
106\106-nm-05-000.png,106
106\106-nm-05-018.png,106
106\106-nm-05-036.png,106
106\106-nm-05-054.png,106
106\106-nm-05-072.png,106
106\106-nm-05-090.png,106
106\106-nm-05-108.png,106
106\106-nm-05-126.png,106
106\106-nm-05-144.png,106
106\106-nm-05-162.png,106
106\106-nm-05-180.png,106
106\106-nm-06-000.png,106
106\106-nm-06-018.png,106
106\106-nm-06-036.png,106
106\106-nm-06-054.png,106
106\106-nm-06-072.png,106
106\106-nm-06-090.png,106
106\106-nm-06-108.png,106
106\106-nm-06-126.png,106
106\106-nm-06-144.png,106
106\106-nm-06-162.png,106
106\106-nm-06-180.png,106
107\107-nm-05-000.png,107
107\107-nm-05-018.png,107
107\107-nm-05-036.png,107
107\107-nm-05-054.png,107
107\107-nm-05-072.png,107
107\107-nm-05-090.png,107
107\107-nm-05-108.png,107
107\107-nm-05-126.png,107
107\107-nm-05-144.png,107
107\107-nm-05-162.png,107
107\107-nm-05-180.png,107
107\107-nm-06-000.png,107
107\107-nm-06-018.png,107
107\107-nm-06-036.png,107
107\107-nm-06-054.png,107
107\107-nm-06-072.png,107
107\107-nm-06-090.png,107
107\107-nm-06-108.png,107
107\107-nm-06-126.png,107
107\107-nm-06-144.png,107
107\107-nm-06-162.png,107
107\107-nm-06-180.png,046
108\108-nm-05-000.png,108
108\108-nm-05-018.png,108
108\108-nm-05-036.png,108
108\108-nm-05-054.png,108
108\108-nm-05-072.png,108
108\108-nm-05-090.png,108
108\108-nm-05-108.png,108
108\108-nm-05-126.png,108
108\108-nm-05-144.png,108
108\108-nm-05-162.png,108
108\108-nm-05-180.png,108
108\108-nm-06-000.png,108
108\108-nm-06-018.png,108
108\108-nm-06-036.png,108
108\108-nm-06-054.png,108
108\108-nm-06-072.png,108
108\108-nm-06-090.png,108
108\108-nm-06-108.png,108
108\108-nm-06-126.png,108
108\108-nm-06-144.png,108
108\108-nm-06-162.png,108
108\108-nm-06-180.png,108
109\109-nm-05-000.png,109
109\109-nm-05-018.png,109
109\109-nm-05-036.png,109
109\109-nm-05-054.png,109
109\109-nm-05-072.png,109
109\109-nm-05-090.png,109
109\109-nm-05-108.png,109
109\109-nm-05-126.png,109
109\109-nm-05-144.png,109
109\109-nm-05-162.png,109
109\109-nm-05-180.png,109
109\109-nm-06-000.png,109
109\109-nm-06-018.png,109
109\109-nm-06-036.png,109
109\109-nm-06-054.png,109
109\109-nm-06-072.png,109
109\109-nm-06-090.png,109
109\109-nm-06-108.png,109
109\109-nm-06-126.png,109
109\109-nm-06-144.png,109
109\109-nm-06-162.png,109
109\109-nm-06-180.png,109
110\110-nm-05-000.png,110
110\110-nm-05-018.png,110
110\110-nm-05-036.png,110
110\110-nm-05-054.png,110
110\110-nm-05-072.png,110
110\110-nm-05-090.png,110
110\110-nm-05-108.png,110
110\110-nm-05-126.png,110
110\110-nm-05-144.png,110
110\110-nm-05-162.png,110
110\110-nm-05-180.png,110
110\110-nm-06-000.png,110
110\110-nm-06-018.png,110
110\110-nm-06-036.png,110
110\110-nm-06-054.png,110
110\110-nm-06-072.png,110
110\110-nm-06-090.png,110
110\110-nm-06-108.png,110
110\110-nm-06-126.png,110
110\110-nm-06-144.png,110
110\110-nm-06-162.png,110
110\110-nm-06-180.png,110
111\111-nm-05-000.png,111
111\111-nm-05-018.png,111
111\111-nm-05-036.png,111
111\111-nm-05-054.png,111
111\111-nm-05-072.png,111
111\111-nm-05-090.png,111
111\111-nm-05-108.png,111
111\111-nm-05-126.png,111
111\111-nm-05-144.png,111
111\111-nm-05-162.png,111
111\111-nm-05-180.png,111
111\111-nm-06-000.png,111
111\111-nm-06-018.png,111
111\111-nm-06-036.png,111
111\111-nm-06-054.png,111
111\111-nm-06-072.png,111
111\111-nm-06-090.png,111
111\111-nm-06-108.png,111
111\111-nm-06-126.png,111
111\111-nm-06-144.png,111
111\111-nm-06-162.png,111
111\111-nm-06-180.png,111
112\112-nm-05-000.png,112
112\112-nm-05-018.png,112
112\112-nm-05-036.png,112
112\112-nm-05-054.png,112
112\112-nm-05-072.png,112
112\112-nm-05-090.png,112
112\112-nm-05-108.png,112
112\112-nm-05-126.png,112
112\112-nm-05-144.png,112
112\112-nm-05-162.png,112
112\112-nm-05-180.png,112
112\112-nm-06-000.png,112
112\112-nm-06-018.png,112
112\112-nm-06-036.png,112
112\112-nm-06-054.png,112
112\112-nm-06-072.png,112
112\112-nm-06-090.png,112
112\112-nm-06-108.png,112
112\112-nm-06-126.png,088
112\112-nm-06-144.png,112
112\112-nm-06-162.png,112
112\112-nm-06-180.png,112
113\113-nm-05-000.png,113
113\113-nm-05-018.png,113
113\113-nm-05-036.png,113
113\113-nm-05-054.png,113
113\113-nm-05-072.png,113
113\113-nm-05-090.png,113
113\113-nm-05-108.png,113
113\113-nm-05-126.png,113
113\113-nm-05-144.png,113
113\113-nm-05-162.png,113
113\113-nm-05-180.png,113
113\113-nm-06-000.png,113
113\113-nm-06-018.png,113
113\113-nm-06-036.png,113
113\113-nm-06-054.png,113
113\113-nm-06-072.png,113
113\113-nm-06-090.png,113
113\113-nm-06-108.png,113
113\113-nm-06-126.png,113
113\113-nm-06-144.png,113
113\113-nm-06-162.png,113
113\113-nm-06-180.png,113
114\114-nm-05-000.png,114
114\114-nm-05-018.png,114
114\114-nm-05-036.png,114
114\114-nm-05-054.png,114
114\114-nm-05-072.png,114
114\114-nm-05-090.png,114
114\114-nm-05-108.png,114
114\114-nm-05-126.png,114
114\114-nm-05-144.png,114
114\114-nm-05-162.png,114
114\114-nm-05-180.png,114
114\114-nm-06-000.png,114
114\114-nm-06-018.png,114
114\114-nm-06-036.png,114
114\114-nm-06-054.png,114
114\114-nm-06-072.png,114
114\114-nm-06-090.png,114
114\114-nm-06-108.png,114
114\114-nm-06-126.png,114
114\114-nm-06-144.png,114
114\114-nm-06-162.png,114
114\114-nm-06-180.png,114
115\115-nm-05-000.png,115
115\115-nm-05-018.png,115
115\115-nm-05-036.png,115
115\115-nm-05-054.png,115
115\115-nm-05-072.png,115
115\115-nm-05-090.png,115
115\115-nm-05-108.png,115
115\115-nm-05-126.png,115
115\115-nm-05-144.png,115
115\115-nm-05-162.png,115
115\115-nm-05-180.png,115
115\115-nm-06-000.png,115
115\115-nm-06-018.png,115
115\115-nm-06-036.png,115
115\115-nm-06-054.png,115
115\115-nm-06-072.png,115
115\115-nm-06-090.png,115
115\115-nm-06-108.png,115
115\115-nm-06-126.png,115
115\115-nm-06-144.png,115
115\115-nm-06-162.png,115
115\115-nm-06-180.png,115
116\116-nm-05-000.png,116
116\116-nm-05-018.png,116
116\116-nm-05-036.png,116
116\116-nm-05-054.png,116
116\116-nm-05-072.png,116
116\116-nm-05-090.png,116
116\116-nm-05-108.png,116
116\116-nm-05-126.png,116
116\116-nm-05-144.png,116
116\116-nm-05-162.png,116
116\116-nm-05-180.png,116
116\116-nm-06-000.png,116
116\116-nm-06-018.png,116
116\116-nm-06-036.png,116
116\116-nm-06-054.png,116
116\116-nm-06-072.png,116
116\116-nm-06-090.png,116
116\116-nm-06-108.png,116
116\116-nm-06-126.png,116
116\116-nm-06-144.png,116
116\116-nm-06-162.png,116
116\116-nm-06-180.png,116
117\117-nm-05-000.png,117
117\117-nm-05-018.png,117
117\117-nm-05-036.png,117
117\117-nm-05-054.png,117
117\117-nm-05-072.png,117
117\117-nm-05-090.png,117
117\117-nm-05-108.png,117
117\117-nm-05-126.png,117
117\117-nm-05-144.png,117
117\117-nm-05-162.png,117
117\117-nm-05-180.png,117
117\117-nm-06-000.png,117
117\117-nm-06-018.png,117
117\117-nm-06-036.png,117
117\117-nm-06-054.png,117
117\117-nm-06-072.png,117
117\117-nm-06-090.png,117
117\117-nm-06-108.png,117
117\117-nm-06-126.png,117
117\117-nm-06-144.png,117
117\117-nm-06-162.png,117
117\117-nm-06-180.png,117
118\118-nm-05-000.png,118
118\118-nm-05-018.png,118
118\118-nm-05-036.png,118
118\118-nm-05-054.png,118
118\118-nm-05-072.png,118
118\118-nm-05-090.png,118
118\118-nm-05-108.png,118
118\118-nm-05-126.png,118
118\118-nm-05-144.png,118
118\118-nm-05-162.png,118
118\118-nm-05-180.png,118
118\118-nm-06-000.png,118
118\118-nm-06-018.png,118
118\118-nm-06-036.png,118
118\118-nm-06-054.png,118
118\118-nm-06-072.png,118
118\118-nm-06-090.png,118
118\118-nm-06-108.png,118
118\118-nm-06-126.png,118
118\118-nm-06-144.png,118
118\118-nm-06-162.png,118
118\118-nm-06-180.png,118
119\119-nm-05-000.png,119
119\119-nm-05-018.png,119
119\119-nm-05-036.png,119
119\119-nm-05-054.png,119
119\119-nm-05-072.png,119
119\119-nm-05-090.png,119
119\119-nm-05-108.png,119
119\119-nm-05-126.png,119
119\119-nm-05-144.png,119
119\119-nm-05-162.png,119
119\119-nm-05-180.png,119
119\119-nm-06-000.png,119
119\119-nm-06-018.png,119
119\119-nm-06-036.png,119
119\119-nm-06-054.png,119
119\119-nm-06-072.png,119
119\119-nm-06-090.png,119
119\119-nm-06-108.png,119
119\119-nm-06-126.png,119
119\119-nm-06-144.png,119
119\119-nm-06-162.png,119
119\119-nm-06-180.png,119
120\120-nm-05-000.png,120
120\120-nm-05-018.png,120
120\120-nm-05-036.png,120
120\120-nm-05-054.png,120
120\120-nm-05-072.png,120
120\120-nm-05-090.png,120
120\120-nm-05-108.png,120
120\120-nm-05-126.png,120
120\120-nm-05-144.png,120
120\120-nm-05-162.png,120
120\120-nm-05-180.png,120
120\120-nm-06-000.png,120
120\120-nm-06-018.png,120
120\120-nm-06-036.png,120
120\120-nm-06-054.png,114
120\120-nm-06-072.png,114
120\120-nm-06-090.png,114
120\120-nm-06-108.png,114
120\120-nm-06-126.png,114
120\120-nm-06-144.png,114
120\120-nm-06-162.png,114
120\120-nm-06-180.png,103
121\121-nm-05-000.png,121
121\121-nm-05-018.png,121
121\121-nm-05-036.png,121
121\121-nm-05-054.png,121
121\121-nm-05-072.png,121
121\121-nm-05-090.png,121
121\121-nm-05-108.png,121
121\121-nm-05-126.png,121
121\121-nm-05-144.png,121
121\121-nm-05-162.png,121
121\121-nm-05-180.png,121
121\121-nm-06-000.png,121
121\121-nm-06-018.png,121
121\121-nm-06-036.png,121
121\121-nm-06-054.png,121
121\121-nm-06-072.png,121
121\121-nm-06-090.png,121
121\121-nm-06-108.png,121
121\121-nm-06-126.png,121
121\121-nm-06-144.png,121
121\121-nm-06-162.png,121
121\121-nm-06-180.png,121
122\122-nm-05-000.png,122
122\122-nm-05-018.png,122
122\122-nm-05-036.png,122
122\122-nm-05-054.png,122
122\122-nm-05-072.png,122
122\122-nm-05-090.png,122
122\122-nm-05-108.png,122
122\122-nm-05-126.png,122
122\122-nm-05-144.png,122
122\122-nm-05-162.png,122
122\122-nm-05-180.png,122
122\122-nm-06-000.png,122
122\122-nm-06-018.png,122
122\122-nm-06-036.png,122
122\122-nm-06-054.png,122
122\122-nm-06-072.png,122
122\122-nm-06-090.png,122
122\122-nm-06-108.png,122
122\122-nm-06-126.png,122
122\122-nm-06-144.png,122
122\122-nm-06-162.png,122
122\122-nm-06-180.png,122
123\123-nm-05-000.png,123
123\123-nm-05-018.png,123
123\123-nm-05-036.png,123
123\123-nm-05-054.png,123
123\123-nm-05-072.png,123
123\123-nm-05-090.png,123
123\123-nm-05-108.png,123
123\123-nm-05-126.png,123
123\123-nm-05-144.png,123
123\123-nm-05-162.png,123
123\123-nm-05-180.png,123
123\123-nm-06-000.png,123
123\123-nm-06-018.png,123
123\123-nm-06-036.png,123
123\123-nm-06-054.png,123
123\123-nm-06-072.png,123
123\123-nm-06-090.png,123
123\123-nm-06-108.png,123
123\123-nm-06-126.png,123
123\123-nm-06-144.png,123
123\123-nm-06-162.png,123
123\123-nm-06-180.png,123
124\124-nm-05-000.png,124
124\124-nm-05-018.png,124
124\124-nm-05-036.png,124
124\124-nm-05-054.png,124
124\124-nm-05-072.png,124
124\124-nm-05-090.png,124
124\124-nm-05-108.png,124
124\124-nm-05-126.png,124
124\124-nm-05-144.png,124
124\124-nm-05-162.png,124
124\124-nm-05-180.png,124
124\124-nm-06-000.png,124
124\124-nm-06-018.png,124
124\124-nm-06-036.png,124
124\124-nm-06-054.png,124
124\124-nm-06-072.png,124
124\124-nm-06-090.png,124
124\124-nm-06-108.png,124
124\124-nm-06-126.png,124
124\124-nm-06-144.png,124
124\124-nm-06-162.png,124
124\124-nm-06-180.png,124
